Product Name,Product Category,Company (Brand),Total Reviews,Overall Rating,Product Description,Review Title,Review Text,Review Rating,Review Date,Verified Purchase,Reviewer Name,Product Link,qa_current_page
,,,,,,,,,,,,,
"Ninja® Professional Plus Blender with Auto-iQ® and 72-oz.* Total Crushing Pitcher & Lid, BN700",Home,Ninja,1650,4.7,"The Ninja® Professional Plus Blender with Auto-iQ® utilizes a 1200-watt motor to power through any tough ingredient. Ninja Total Crushing® Blades give you perfectly crushed ice for your smoothies and frozen drinks. Auto-iQ Technology provides preset programs which combine pulsing, blending, and pausing patterns that do the work for you. The 72 oz.* Total Crushing Pitcher is great for making large batches for the whole family. *64 oz. max liquid capacity\n- FAMILY-SIZED CAPACITY: The full 72 oz.** XL pitcher is perfect for large batches of delicious margaritas, daiquiris, shakes, and smoothies. - 1200-WATT MOTOR: Powerful motor crushes ice into snow in seconds for your favorite smoothies, frozen drinks, and more. - STACKED BLADE ASSEMBLY: Fully breaks down whole foods, and frozen ingredients, unlocking the full potential of your fruits and veggies. By blending whole fruits and vegetables including portions that are usually discarded. - INTELLIGENT PRESET PROGRAMS: 2 Auto-iQ programs combine unique pulsing and pausing patterns to deliver perfect results without the guessworkat the touch of a button. - CLEAN WITH EASE: Pitcher, lid, and blades are BPAfree and dishwasher safe. - COOKBOOK: Inspiration guide with 15 recipes to get you started. - WHAT'S INCLUDED: 72 oz.** XL Pitcher with Lid, Stacked Blade Assembly, and Inspiration Guide. - *Versus BL610, based on operating wattage",,,5,4/23/2023,Yes,Danielle,https://walmart.com/ip/Ninja-Professional-Plus-Blender-with-Auto-iQ-and-72-oz-Total-Crushing-Pitcher-Lid-BN700/724890598,157
"Ninja® Professional Plus Blender with Auto-iQ® and 72-oz.* Total Crushing Pitcher & Lid, BN700",Home,Ninja,1650,4.7,"The Ninja® Professional Plus Blender with Auto-iQ® utilizes a 1200-watt motor to power through any tough ingredient. Ninja Total Crushing® Blades give you perfectly crushed ice for your smoothies and frozen drinks. Auto-iQ Technology provides preset programs which combine pulsing, blending, and pausing patterns that do the work for you. The 72 oz.* Total Crushing Pitcher is great for making large batches for the whole family. *64 oz. max liquid capacity\n- FAMILY-SIZED CAPACITY: The full 72 oz.** XL pitcher is perfect for large batches of delicious margaritas, daiquiris, shakes, and smoothies. - 1200-WATT MOTOR: Powerful motor crushes ice into snow in seconds for your favorite smoothies, frozen drinks, and more. - STACKED BLADE ASSEMBLY: Fully breaks down whole foods, and frozen ingredients, unlocking the full potential of your fruits and veggies. By blending whole fruits and vegetables including portions that are usually discarded. - INTELLIGENT PRESET PROGRAMS: 2 Auto-iQ programs combine unique pulsing and pausing patterns to deliver perfect results without the guessworkat the touch of a button. - CLEAN WITH EASE: Pitcher, lid, and blades are BPAfree and dishwasher safe. - COOKBOOK: Inspiration guide with 15 recipes to get you started. - WHAT'S INCLUDED: 72 oz.** XL Pitcher with Lid, Stacked Blade Assembly, and Inspiration Guide. - *Versus BL610, based on operating wattage",,,5,8/15/2023,Yes,Manman,https://walmart.com/ip/Ninja-Professional-Plus-Blender-with-Auto-iQ-and-72-oz-Total-Crushing-Pitcher-Lid-BN700/724890598,157
"Ninja® Professional Plus Blender with Auto-iQ® and 72-oz.* Total Crushing Pitcher & Lid, BN700",Home,Ninja,1650,4.7,"The Ninja® Professional Plus Blender with Auto-iQ® utilizes a 1200-watt motor to power through any tough ingredient. Ninja Total Crushing® Blades give you perfectly crushed ice for your smoothies and frozen drinks. Auto-iQ Technology provides preset programs which combine pulsing, blending, and pausing patterns that do the work for you. The 72 oz.* Total Crushing Pitcher is great for making large batches for the whole family. *64 oz. max liquid capacity\n- FAMILY-SIZED CAPACITY: The full 72 oz.** XL pitcher is perfect for large batches of delicious margaritas, daiquiris, shakes, and smoothies. - 1200-WATT MOTOR: Powerful motor crushes ice into snow in seconds for your favorite smoothies, frozen drinks, and more. - STACKED BLADE ASSEMBLY: Fully breaks down whole foods, and frozen ingredients, unlocking the full potential of your fruits and veggies. By blending whole fruits and vegetables including portions that are usually discarded. - INTELLIGENT PRESET PROGRAMS: 2 Auto-iQ programs combine unique pulsing and pausing patterns to deliver perfect results without the guessworkat the touch of a button. - CLEAN WITH EASE: Pitcher, lid, and blades are BPAfree and dishwasher safe. - COOKBOOK: Inspiration guide with 15 recipes to get you started. - WHAT'S INCLUDED: 72 oz.** XL Pitcher with Lid, Stacked Blade Assembly, and Inspiration Guide. - *Versus BL610, based on operating wattage",,,5,5/17/2023,Yes,Andrew,https://walmart.com/ip/Ninja-Professional-Plus-Blender-with-Auto-iQ-and-72-oz-Total-Crushing-Pitcher-Lid-BN700/724890598,157
"Ninja® Professional Plus Blender with Auto-iQ® and 72-oz.* Total Crushing Pitcher & Lid, BN700",Home,Ninja,1650,4.7,"The Ninja® Professional Plus Blender with Auto-iQ® utilizes a 1200-watt motor to power through any tough ingredient. Ninja Total Crushing® Blades give you perfectly crushed ice for your smoothies and frozen drinks. Auto-iQ Technology provides preset programs which combine pulsing, blending, and pausing patterns that do the work for you. The 72 oz.* Total Crushing Pitcher is great for making large batches for the whole family. *64 oz. max liquid capacity\n- FAMILY-SIZED CAPACITY: The full 72 oz.** XL pitcher is perfect for large batches of delicious margaritas, daiquiris, shakes, and smoothies. - 1200-WATT MOTOR: Powerful motor crushes ice into snow in seconds for your favorite smoothies, frozen drinks, and more. - STACKED BLADE ASSEMBLY: Fully breaks down whole foods, and frozen ingredients, unlocking the full potential of your fruits and veggies. By blending whole fruits and vegetables including portions that are usually discarded. - INTELLIGENT PRESET PROGRAMS: 2 Auto-iQ programs combine unique pulsing and pausing patterns to deliver perfect results without the guessworkat the touch of a button. - CLEAN WITH EASE: Pitcher, lid, and blades are BPAfree and dishwasher safe. - COOKBOOK: Inspiration guide with 15 recipes to get you started. - WHAT'S INCLUDED: 72 oz.** XL Pitcher with Lid, Stacked Blade Assembly, and Inspiration Guide. - *Versus BL610, based on operating wattage",,,3,12/28/2022,Yes,jessica,https://walmart.com/ip/Ninja-Professional-Plus-Blender-with-Auto-iQ-and-72-oz-Total-Crushing-Pitcher-Lid-BN700/724890598,157
"Ninja® Professional Plus Blender with Auto-iQ® and 72-oz.* Total Crushing Pitcher & Lid, BN700",Home,Ninja,1650,4.7,"The Ninja® Professional Plus Blender with Auto-iQ® utilizes a 1200-watt motor to power through any tough ingredient. Ninja Total Crushing® Blades give you perfectly crushed ice for your smoothies and frozen drinks. Auto-iQ Technology provides preset programs which combine pulsing, blending, and pausing patterns that do the work for you. The 72 oz.* Total Crushing Pitcher is great for making large batches for the whole family. *64 oz. max liquid capacity\n- FAMILY-SIZED CAPACITY: The full 72 oz.** XL pitcher is perfect for large batches of delicious margaritas, daiquiris, shakes, and smoothies. - 1200-WATT MOTOR: Powerful motor crushes ice into snow in seconds for your favorite smoothies, frozen drinks, and more. - STACKED BLADE ASSEMBLY: Fully breaks down whole foods, and frozen ingredients, unlocking the full potential of your fruits and veggies. By blending whole fruits and vegetables including portions that are usually discarded. - INTELLIGENT PRESET PROGRAMS: 2 Auto-iQ programs combine unique pulsing and pausing patterns to deliver perfect results without the guessworkat the touch of a button. - CLEAN WITH EASE: Pitcher, lid, and blades are BPAfree and dishwasher safe. - COOKBOOK: Inspiration guide with 15 recipes to get you started. - WHAT'S INCLUDED: 72 oz.** XL Pitcher with Lid, Stacked Blade Assembly, and Inspiration Guide. - *Versus BL610, based on operating wattage",,,5,5/18/2023,Yes,Lynette,https://walmart.com/ip/Ninja-Professional-Plus-Blender-with-Auto-iQ-and-72-oz-Total-Crushing-Pitcher-Lid-BN700/724890598,157
"Ninja® Professional Plus Blender with Auto-iQ® and 72-oz.* Total Crushing Pitcher & Lid, BN700",Home,Ninja,1650,4.7,"The Ninja® Professional Plus Blender with Auto-iQ® utilizes a 1200-watt motor to power through any tough ingredient. Ninja Total Crushing® Blades give you perfectly crushed ice for your smoothies and frozen drinks. Auto-iQ Technology provides preset programs which combine pulsing, blending, and pausing patterns that do the work for you. The 72 oz.* Total Crushing Pitcher is great for making large batches for the whole family. *64 oz. max liquid capacity\n- FAMILY-SIZED CAPACITY: The full 72 oz.** XL pitcher is perfect for large batches of delicious margaritas, daiquiris, shakes, and smoothies. - 1200-WATT MOTOR: Powerful motor crushes ice into snow in seconds for your favorite smoothies, frozen drinks, and more. - STACKED BLADE ASSEMBLY: Fully breaks down whole foods, and frozen ingredients, unlocking the full potential of your fruits and veggies. By blending whole fruits and vegetables including portions that are usually discarded. - INTELLIGENT PRESET PROGRAMS: 2 Auto-iQ programs combine unique pulsing and pausing patterns to deliver perfect results without the guessworkat the touch of a button. - CLEAN WITH EASE: Pitcher, lid, and blades are BPAfree and dishwasher safe. - COOKBOOK: Inspiration guide with 15 recipes to get you started. - WHAT'S INCLUDED: 72 oz.** XL Pitcher with Lid, Stacked Blade Assembly, and Inspiration Guide. - *Versus BL610, based on operating wattage",,,5,7/30/2023,Yes,Patrick,https://walmart.com/ip/Ninja-Professional-Plus-Blender-with-Auto-iQ-and-72-oz-Total-Crushing-Pitcher-Lid-BN700/724890598,157
"Ninja® Professional Plus Blender with Auto-iQ® and 72-oz.* Total Crushing Pitcher & Lid, BN700",Home,Ninja,1650,4.7,"The Ninja® Professional Plus Blender with Auto-iQ® utilizes a 1200-watt motor to power through any tough ingredient. Ninja Total Crushing® Blades give you perfectly crushed ice for your smoothies and frozen drinks. Auto-iQ Technology provides preset programs which combine pulsing, blending, and pausing patterns that do the work for you. The 72 oz.* Total Crushing Pitcher is great for making large batches for the whole family. *64 oz. max liquid capacity\n- FAMILY-SIZED CAPACITY: The full 72 oz.** XL pitcher is perfect for large batches of delicious margaritas, daiquiris, shakes, and smoothies. - 1200-WATT MOTOR: Powerful motor crushes ice into snow in seconds for your favorite smoothies, frozen drinks, and more. - STACKED BLADE ASSEMBLY: Fully breaks down whole foods, and frozen ingredients, unlocking the full potential of your fruits and veggies. By blending whole fruits and vegetables including portions that are usually discarded. - INTELLIGENT PRESET PROGRAMS: 2 Auto-iQ programs combine unique pulsing and pausing patterns to deliver perfect results without the guessworkat the touch of a button. - CLEAN WITH EASE: Pitcher, lid, and blades are BPAfree and dishwasher safe. - COOKBOOK: Inspiration guide with 15 recipes to get you started. - WHAT'S INCLUDED: 72 oz.** XL Pitcher with Lid, Stacked Blade Assembly, and Inspiration Guide. - *Versus BL610, based on operating wattage",,,5,6/17/2023,Yes,Brian,https://walmart.com/ip/Ninja-Professional-Plus-Blender-with-Auto-iQ-and-72-oz-Total-Crushing-Pitcher-Lid-BN700/724890598,157
"Ninja® Professional Plus Blender with Auto-iQ® and 72-oz.* Total Crushing Pitcher & Lid, BN700",Home,Ninja,1650,4.7,"The Ninja® Professional Plus Blender with Auto-iQ® utilizes a 1200-watt motor to power through any tough ingredient. Ninja Total Crushing® Blades give you perfectly crushed ice for your smoothies and frozen drinks. Auto-iQ Technology provides preset programs which combine pulsing, blending, and pausing patterns that do the work for you. The 72 oz.* Total Crushing Pitcher is great for making large batches for the whole family. *64 oz. max liquid capacity\n- FAMILY-SIZED CAPACITY: The full 72 oz.** XL pitcher is perfect for large batches of delicious margaritas, daiquiris, shakes, and smoothies. - 1200-WATT MOTOR: Powerful motor crushes ice into snow in seconds for your favorite smoothies, frozen drinks, and more. - STACKED BLADE ASSEMBLY: Fully breaks down whole foods, and frozen ingredients, unlocking the full potential of your fruits and veggies. By blending whole fruits and vegetables including portions that are usually discarded. - INTELLIGENT PRESET PROGRAMS: 2 Auto-iQ programs combine unique pulsing and pausing patterns to deliver perfect results without the guessworkat the touch of a button. - CLEAN WITH EASE: Pitcher, lid, and blades are BPAfree and dishwasher safe. - COOKBOOK: Inspiration guide with 15 recipes to get you started. - WHAT'S INCLUDED: 72 oz.** XL Pitcher with Lid, Stacked Blade Assembly, and Inspiration Guide. - *Versus BL610, based on operating wattage",,,5,6/28/2023,Yes,Susann,https://walmart.com/ip/Ninja-Professional-Plus-Blender-with-Auto-iQ-and-72-oz-Total-Crushing-Pitcher-Lid-BN700/724890598,157
"Ninja® Professional Plus Blender with Auto-iQ® and 72-oz.* Total Crushing Pitcher & Lid, BN700",Home,Ninja,1650,4.7,"The Ninja® Professional Plus Blender with Auto-iQ® utilizes a 1200-watt motor to power through any tough ingredient. Ninja Total Crushing® Blades give you perfectly crushed ice for your smoothies and frozen drinks. Auto-iQ Technology provides preset programs which combine pulsing, blending, and pausing patterns that do the work for you. The 72 oz.* Total Crushing Pitcher is great for making large batches for the whole family. *64 oz. max liquid capacity\n- FAMILY-SIZED CAPACITY: The full 72 oz.** XL pitcher is perfect for large batches of delicious margaritas, daiquiris, shakes, and smoothies. - 1200-WATT MOTOR: Powerful motor crushes ice into snow in seconds for your favorite smoothies, frozen drinks, and more. - STACKED BLADE ASSEMBLY: Fully breaks down whole foods, and frozen ingredients, unlocking the full potential of your fruits and veggies. By blending whole fruits and vegetables including portions that are usually discarded. - INTELLIGENT PRESET PROGRAMS: 2 Auto-iQ programs combine unique pulsing and pausing patterns to deliver perfect results without the guessworkat the touch of a button. - CLEAN WITH EASE: Pitcher, lid, and blades are BPAfree and dishwasher safe. - COOKBOOK: Inspiration guide with 15 recipes to get you started. - WHAT'S INCLUDED: 72 oz.** XL Pitcher with Lid, Stacked Blade Assembly, and Inspiration Guide. - *Versus BL610, based on operating wattage",,,5,7/29/2023,Yes,sonia,https://walmart.com/ip/Ninja-Professional-Plus-Blender-with-Auto-iQ-and-72-oz-Total-Crushing-Pitcher-Lid-BN700/724890598,157
"Ninja® Professional Plus Blender with Auto-iQ® and 72-oz.* Total Crushing Pitcher & Lid, BN700",Home,Ninja,1650,4.7,"The Ninja® Professional Plus Blender with Auto-iQ® utilizes a 1200-watt motor to power through any tough ingredient. Ninja Total Crushing® Blades give you perfectly crushed ice for your smoothies and frozen drinks. Auto-iQ Technology provides preset programs which combine pulsing, blending, and pausing patterns that do the work for you. The 72 oz.* Total Crushing Pitcher is great for making large batches for the whole family. *64 oz. max liquid capacity\n- FAMILY-SIZED CAPACITY: The full 72 oz.** XL pitcher is perfect for large batches of delicious margaritas, daiquiris, shakes, and smoothies. - 1200-WATT MOTOR: Powerful motor crushes ice into snow in seconds for your favorite smoothies, frozen drinks, and more. - STACKED BLADE ASSEMBLY: Fully breaks down whole foods, and frozen ingredients, unlocking the full potential of your fruits and veggies. By blending whole fruits and vegetables including portions that are usually discarded. - INTELLIGENT PRESET PROGRAMS: 2 Auto-iQ programs combine unique pulsing and pausing patterns to deliver perfect results without the guessworkat the touch of a button. - CLEAN WITH EASE: Pitcher, lid, and blades are BPAfree and dishwasher safe. - COOKBOOK: Inspiration guide with 15 recipes to get you started. - WHAT'S INCLUDED: 72 oz.** XL Pitcher with Lid, Stacked Blade Assembly, and Inspiration Guide. - *Versus BL610, based on operating wattage",,,5,8/15/2023,Yes,Lexie,https://walmart.com/ip/Ninja-Professional-Plus-Blender-with-Auto-iQ-and-72-oz-Total-Crushing-Pitcher-Lid-BN700/724890598,157
"Ninja® Professional Plus Blender with Auto-iQ® and 72-oz.* Total Crushing Pitcher & Lid, BN700",Home,Ninja,1650,4.7,"The Ninja® Professional Plus Blender with Auto-iQ® utilizes a 1200-watt motor to power through any tough ingredient. Ninja Total Crushing® Blades give you perfectly crushed ice for your smoothies and frozen drinks. Auto-iQ Technology provides preset programs which combine pulsing, blending, and pausing patterns that do the work for you. The 72 oz.* Total Crushing Pitcher is great for making large batches for the whole family. *64 oz. max liquid capacity\n- FAMILY-SIZED CAPACITY: The full 72 oz.** XL pitcher is perfect for large batches of delicious margaritas, daiquiris, shakes, and smoothies. - 1200-WATT MOTOR: Powerful motor crushes ice into snow in seconds for your favorite smoothies, frozen drinks, and more. - STACKED BLADE ASSEMBLY: Fully breaks down whole foods, and frozen ingredients, unlocking the full potential of your fruits and veggies. By blending whole fruits and vegetables including portions that are usually discarded. - INTELLIGENT PRESET PROGRAMS: 2 Auto-iQ programs combine unique pulsing and pausing patterns to deliver perfect results without the guessworkat the touch of a button. - CLEAN WITH EASE: Pitcher, lid, and blades are BPAfree and dishwasher safe. - COOKBOOK: Inspiration guide with 15 recipes to get you started. - WHAT'S INCLUDED: 72 oz.** XL Pitcher with Lid, Stacked Blade Assembly, and Inspiration Guide. - *Versus BL610, based on operating wattage",,,5,9/17/2023,Yes,KELLY,https://walmart.com/ip/Ninja-Professional-Plus-Blender-with-Auto-iQ-and-72-oz-Total-Crushing-Pitcher-Lid-BN700/724890598,158
"Ninja® Professional Plus Blender with Auto-iQ® and 72-oz.* Total Crushing Pitcher & Lid, BN700",Home,Ninja,1650,4.7,"The Ninja® Professional Plus Blender with Auto-iQ® utilizes a 1200-watt motor to power through any tough ingredient. Ninja Total Crushing® Blades give you perfectly crushed ice for your smoothies and frozen drinks. Auto-iQ Technology provides preset programs which combine pulsing, blending, and pausing patterns that do the work for you. The 72 oz.* Total Crushing Pitcher is great for making large batches for the whole family. *64 oz. max liquid capacity\n- FAMILY-SIZED CAPACITY: The full 72 oz.** XL pitcher is perfect for large batches of delicious margaritas, daiquiris, shakes, and smoothies. - 1200-WATT MOTOR: Powerful motor crushes ice into snow in seconds for your favorite smoothies, frozen drinks, and more. - STACKED BLADE ASSEMBLY: Fully breaks down whole foods, and frozen ingredients, unlocking the full potential of your fruits and veggies. By blending whole fruits and vegetables including portions that are usually discarded. - INTELLIGENT PRESET PROGRAMS: 2 Auto-iQ programs combine unique pulsing and pausing patterns to deliver perfect results without the guessworkat the touch of a button. - CLEAN WITH EASE: Pitcher, lid, and blades are BPAfree and dishwasher safe. - COOKBOOK: Inspiration guide with 15 recipes to get you started. - WHAT'S INCLUDED: 72 oz.** XL Pitcher with Lid, Stacked Blade Assembly, and Inspiration Guide. - *Versus BL610, based on operating wattage",,,5,8/15/2023,Yes,Manman,https://walmart.com/ip/Ninja-Professional-Plus-Blender-with-Auto-iQ-and-72-oz-Total-Crushing-Pitcher-Lid-BN700/724890598,158
"Ninja® Professional Plus Blender with Auto-iQ® and 72-oz.* Total Crushing Pitcher & Lid, BN700",Home,Ninja,1650,4.7,"The Ninja® Professional Plus Blender with Auto-iQ® utilizes a 1200-watt motor to power through any tough ingredient. Ninja Total Crushing® Blades give you perfectly crushed ice for your smoothies and frozen drinks. Auto-iQ Technology provides preset programs which combine pulsing, blending, and pausing patterns that do the work for you. The 72 oz.* Total Crushing Pitcher is great for making large batches for the whole family. *64 oz. max liquid capacity\n- FAMILY-SIZED CAPACITY: The full 72 oz.** XL pitcher is perfect for large batches of delicious margaritas, daiquiris, shakes, and smoothies. - 1200-WATT MOTOR: Powerful motor crushes ice into snow in seconds for your favorite smoothies, frozen drinks, and more. - STACKED BLADE ASSEMBLY: Fully breaks down whole foods, and frozen ingredients, unlocking the full potential of your fruits and veggies. By blending whole fruits and vegetables including portions that are usually discarded. - INTELLIGENT PRESET PROGRAMS: 2 Auto-iQ programs combine unique pulsing and pausing patterns to deliver perfect results without the guessworkat the touch of a button. - CLEAN WITH EASE: Pitcher, lid, and blades are BPAfree and dishwasher safe. - COOKBOOK: Inspiration guide with 15 recipes to get you started. - WHAT'S INCLUDED: 72 oz.** XL Pitcher with Lid, Stacked Blade Assembly, and Inspiration Guide. - *Versus BL610, based on operating wattage",,,5,4/3/2023,Yes,WalmartCustomer,https://walmart.com/ip/Ninja-Professional-Plus-Blender-with-Auto-iQ-and-72-oz-Total-Crushing-Pitcher-Lid-BN700/724890598,158
"Ninja® Professional Plus Blender with Auto-iQ® and 72-oz.* Total Crushing Pitcher & Lid, BN700",Home,Ninja,1650,4.7,"The Ninja® Professional Plus Blender with Auto-iQ® utilizes a 1200-watt motor to power through any tough ingredient. Ninja Total Crushing® Blades give you perfectly crushed ice for your smoothies and frozen drinks. Auto-iQ Technology provides preset programs which combine pulsing, blending, and pausing patterns that do the work for you. The 72 oz.* Total Crushing Pitcher is great for making large batches for the whole family. *64 oz. max liquid capacity\n- FAMILY-SIZED CAPACITY: The full 72 oz.** XL pitcher is perfect for large batches of delicious margaritas, daiquiris, shakes, and smoothies. - 1200-WATT MOTOR: Powerful motor crushes ice into snow in seconds for your favorite smoothies, frozen drinks, and more. - STACKED BLADE ASSEMBLY: Fully breaks down whole foods, and frozen ingredients, unlocking the full potential of your fruits and veggies. By blending whole fruits and vegetables including portions that are usually discarded. - INTELLIGENT PRESET PROGRAMS: 2 Auto-iQ programs combine unique pulsing and pausing patterns to deliver perfect results without the guessworkat the touch of a button. - CLEAN WITH EASE: Pitcher, lid, and blades are BPAfree and dishwasher safe. - COOKBOOK: Inspiration guide with 15 recipes to get you started. - WHAT'S INCLUDED: 72 oz.** XL Pitcher with Lid, Stacked Blade Assembly, and Inspiration Guide. - *Versus BL610, based on operating wattage",,,5,9/18/2023,Yes,Jene,https://walmart.com/ip/Ninja-Professional-Plus-Blender-with-Auto-iQ-and-72-oz-Total-Crushing-Pitcher-Lid-BN700/724890598,158
"Ninja® Professional Plus Blender with Auto-iQ® and 72-oz.* Total Crushing Pitcher & Lid, BN700",Home,Ninja,1650,4.7,"The Ninja® Professional Plus Blender with Auto-iQ® utilizes a 1200-watt motor to power through any tough ingredient. Ninja Total Crushing® Blades give you perfectly crushed ice for your smoothies and frozen drinks. Auto-iQ Technology provides preset programs which combine pulsing, blending, and pausing patterns that do the work for you. The 72 oz.* Total Crushing Pitcher is great for making large batches for the whole family. *64 oz. max liquid capacity\n- FAMILY-SIZED CAPACITY: The full 72 oz.** XL pitcher is perfect for large batches of delicious margaritas, daiquiris, shakes, and smoothies. - 1200-WATT MOTOR: Powerful motor crushes ice into snow in seconds for your favorite smoothies, frozen drinks, and more. - STACKED BLADE ASSEMBLY: Fully breaks down whole foods, and frozen ingredients, unlocking the full potential of your fruits and veggies. By blending whole fruits and vegetables including portions that are usually discarded. - INTELLIGENT PRESET PROGRAMS: 2 Auto-iQ programs combine unique pulsing and pausing patterns to deliver perfect results without the guessworkat the touch of a button. - CLEAN WITH EASE: Pitcher, lid, and blades are BPAfree and dishwasher safe. - COOKBOOK: Inspiration guide with 15 recipes to get you started. - WHAT'S INCLUDED: 72 oz.** XL Pitcher with Lid, Stacked Blade Assembly, and Inspiration Guide. - *Versus BL610, based on operating wattage",,,5,5/18/2023,Yes,Lynette,https://walmart.com/ip/Ninja-Professional-Plus-Blender-with-Auto-iQ-and-72-oz-Total-Crushing-Pitcher-Lid-BN700/724890598,158
"Ninja® Professional Plus Blender with Auto-iQ® and 72-oz.* Total Crushing Pitcher & Lid, BN700",Home,Ninja,1650,4.7,"The Ninja® Professional Plus Blender with Auto-iQ® utilizes a 1200-watt motor to power through any tough ingredient. Ninja Total Crushing® Blades give you perfectly crushed ice for your smoothies and frozen drinks. Auto-iQ Technology provides preset programs which combine pulsing, blending, and pausing patterns that do the work for you. The 72 oz.* Total Crushing Pitcher is great for making large batches for the whole family. *64 oz. max liquid capacity\n- FAMILY-SIZED CAPACITY: The full 72 oz.** XL pitcher is perfect for large batches of delicious margaritas, daiquiris, shakes, and smoothies. - 1200-WATT MOTOR: Powerful motor crushes ice into snow in seconds for your favorite smoothies, frozen drinks, and more. - STACKED BLADE ASSEMBLY: Fully breaks down whole foods, and frozen ingredients, unlocking the full potential of your fruits and veggies. By blending whole fruits and vegetables including portions that are usually discarded. - INTELLIGENT PRESET PROGRAMS: 2 Auto-iQ programs combine unique pulsing and pausing patterns to deliver perfect results without the guessworkat the touch of a button. - CLEAN WITH EASE: Pitcher, lid, and blades are BPAfree and dishwasher safe. - COOKBOOK: Inspiration guide with 15 recipes to get you started. - WHAT'S INCLUDED: 72 oz.** XL Pitcher with Lid, Stacked Blade Assembly, and Inspiration Guide. - *Versus BL610, based on operating wattage",,,5,5/22/2023,Yes,Ian,https://walmart.com/ip/Ninja-Professional-Plus-Blender-with-Auto-iQ-and-72-oz-Total-Crushing-Pitcher-Lid-BN700/724890598,158
"Ninja® Professional Plus Blender with Auto-iQ® and 72-oz.* Total Crushing Pitcher & Lid, BN700",Home,Ninja,1650,4.7,"The Ninja® Professional Plus Blender with Auto-iQ® utilizes a 1200-watt motor to power through any tough ingredient. Ninja Total Crushing® Blades give you perfectly crushed ice for your smoothies and frozen drinks. Auto-iQ Technology provides preset programs which combine pulsing, blending, and pausing patterns that do the work for you. The 72 oz.* Total Crushing Pitcher is great for making large batches for the whole family. *64 oz. max liquid capacity\n- FAMILY-SIZED CAPACITY: The full 72 oz.** XL pitcher is perfect for large batches of delicious margaritas, daiquiris, shakes, and smoothies. - 1200-WATT MOTOR: Powerful motor crushes ice into snow in seconds for your favorite smoothies, frozen drinks, and more. - STACKED BLADE ASSEMBLY: Fully breaks down whole foods, and frozen ingredients, unlocking the full potential of your fruits and veggies. By blending whole fruits and vegetables including portions that are usually discarded. - INTELLIGENT PRESET PROGRAMS: 2 Auto-iQ programs combine unique pulsing and pausing patterns to deliver perfect results without the guessworkat the touch of a button. - CLEAN WITH EASE: Pitcher, lid, and blades are BPAfree and dishwasher safe. - COOKBOOK: Inspiration guide with 15 recipes to get you started. - WHAT'S INCLUDED: 72 oz.** XL Pitcher with Lid, Stacked Blade Assembly, and Inspiration Guide. - *Versus BL610, based on operating wattage",,,5,3/29/2023,Yes,Marlyn,https://walmart.com/ip/Ninja-Professional-Plus-Blender-with-Auto-iQ-and-72-oz-Total-Crushing-Pitcher-Lid-BN700/724890598,158
"Ninja® Professional Plus Blender with Auto-iQ® and 72-oz.* Total Crushing Pitcher & Lid, BN700",Home,Ninja,1650,4.7,"The Ninja® Professional Plus Blender with Auto-iQ® utilizes a 1200-watt motor to power through any tough ingredient. Ninja Total Crushing® Blades give you perfectly crushed ice for your smoothies and frozen drinks. Auto-iQ Technology provides preset programs which combine pulsing, blending, and pausing patterns that do the work for you. The 72 oz.* Total Crushing Pitcher is great for making large batches for the whole family. *64 oz. max liquid capacity\n- FAMILY-SIZED CAPACITY: The full 72 oz.** XL pitcher is perfect for large batches of delicious margaritas, daiquiris, shakes, and smoothies. - 1200-WATT MOTOR: Powerful motor crushes ice into snow in seconds for your favorite smoothies, frozen drinks, and more. - STACKED BLADE ASSEMBLY: Fully breaks down whole foods, and frozen ingredients, unlocking the full potential of your fruits and veggies. By blending whole fruits and vegetables including portions that are usually discarded. - INTELLIGENT PRESET PROGRAMS: 2 Auto-iQ programs combine unique pulsing and pausing patterns to deliver perfect results without the guessworkat the touch of a button. - CLEAN WITH EASE: Pitcher, lid, and blades are BPAfree and dishwasher safe. - COOKBOOK: Inspiration guide with 15 recipes to get you started. - WHAT'S INCLUDED: 72 oz.** XL Pitcher with Lid, Stacked Blade Assembly, and Inspiration Guide. - *Versus BL610, based on operating wattage",,,5,4/23/2023,Yes,Danielle,https://walmart.com/ip/Ninja-Professional-Plus-Blender-with-Auto-iQ-and-72-oz-Total-Crushing-Pitcher-Lid-BN700/724890598,158
"Ninja® Professional Plus Blender with Auto-iQ® and 72-oz.* Total Crushing Pitcher & Lid, BN700",Home,Ninja,1650,4.7,"The Ninja® Professional Plus Blender with Auto-iQ® utilizes a 1200-watt motor to power through any tough ingredient. Ninja Total Crushing® Blades give you perfectly crushed ice for your smoothies and frozen drinks. Auto-iQ Technology provides preset programs which combine pulsing, blending, and pausing patterns that do the work for you. The 72 oz.* Total Crushing Pitcher is great for making large batches for the whole family. *64 oz. max liquid capacity\n- FAMILY-SIZED CAPACITY: The full 72 oz.** XL pitcher is perfect for large batches of delicious margaritas, daiquiris, shakes, and smoothies. - 1200-WATT MOTOR: Powerful motor crushes ice into snow in seconds for your favorite smoothies, frozen drinks, and more. - STACKED BLADE ASSEMBLY: Fully breaks down whole foods, and frozen ingredients, unlocking the full potential of your fruits and veggies. By blending whole fruits and vegetables including portions that are usually discarded. - INTELLIGENT PRESET PROGRAMS: 2 Auto-iQ programs combine unique pulsing and pausing patterns to deliver perfect results without the guessworkat the touch of a button. - CLEAN WITH EASE: Pitcher, lid, and blades are BPAfree and dishwasher safe. - COOKBOOK: Inspiration guide with 15 recipes to get you started. - WHAT'S INCLUDED: 72 oz.** XL Pitcher with Lid, Stacked Blade Assembly, and Inspiration Guide. - *Versus BL610, based on operating wattage",,,5,8/28/2023,Yes,Kiran,https://walmart.com/ip/Ninja-Professional-Plus-Blender-with-Auto-iQ-and-72-oz-Total-Crushing-Pitcher-Lid-BN700/724890598,158
"Ninja® Professional Plus Blender with Auto-iQ® and 72-oz.* Total Crushing Pitcher & Lid, BN700",Home,Ninja,1650,4.7,"The Ninja® Professional Plus Blender with Auto-iQ® utilizes a 1200-watt motor to power through any tough ingredient. Ninja Total Crushing® Blades give you perfectly crushed ice for your smoothies and frozen drinks. Auto-iQ Technology provides preset programs which combine pulsing, blending, and pausing patterns that do the work for you. The 72 oz.* Total Crushing Pitcher is great for making large batches for the whole family. *64 oz. max liquid capacity\n- FAMILY-SIZED CAPACITY: The full 72 oz.** XL pitcher is perfect for large batches of delicious margaritas, daiquiris, shakes, and smoothies. - 1200-WATT MOTOR: Powerful motor crushes ice into snow in seconds for your favorite smoothies, frozen drinks, and more. - STACKED BLADE ASSEMBLY: Fully breaks down whole foods, and frozen ingredients, unlocking the full potential of your fruits and veggies. By blending whole fruits and vegetables including portions that are usually discarded. - INTELLIGENT PRESET PROGRAMS: 2 Auto-iQ programs combine unique pulsing and pausing patterns to deliver perfect results without the guessworkat the touch of a button. - CLEAN WITH EASE: Pitcher, lid, and blades are BPAfree and dishwasher safe. - COOKBOOK: Inspiration guide with 15 recipes to get you started. - WHAT'S INCLUDED: 72 oz.** XL Pitcher with Lid, Stacked Blade Assembly, and Inspiration Guide. - *Versus BL610, based on operating wattage",,,5,6/26/2023,Yes,Erika,https://walmart.com/ip/Ninja-Professional-Plus-Blender-with-Auto-iQ-and-72-oz-Total-Crushing-Pitcher-Lid-BN700/724890598,158
"Ninja® Professional Plus Blender with Auto-iQ® and 72-oz.* Total Crushing Pitcher & Lid, BN700",Home,Ninja,1650,4.7,"The Ninja® Professional Plus Blender with Auto-iQ® utilizes a 1200-watt motor to power through any tough ingredient. Ninja Total Crushing® Blades give you perfectly crushed ice for your smoothies and frozen drinks. Auto-iQ Technology provides preset programs which combine pulsing, blending, and pausing patterns that do the work for you. The 72 oz.* Total Crushing Pitcher is great for making large batches for the whole family. *64 oz. max liquid capacity\n- FAMILY-SIZED CAPACITY: The full 72 oz.** XL pitcher is perfect for large batches of delicious margaritas, daiquiris, shakes, and smoothies. - 1200-WATT MOTOR: Powerful motor crushes ice into snow in seconds for your favorite smoothies, frozen drinks, and more. - STACKED BLADE ASSEMBLY: Fully breaks down whole foods, and frozen ingredients, unlocking the full potential of your fruits and veggies. By blending whole fruits and vegetables including portions that are usually discarded. - INTELLIGENT PRESET PROGRAMS: 2 Auto-iQ programs combine unique pulsing and pausing patterns to deliver perfect results without the guessworkat the touch of a button. - CLEAN WITH EASE: Pitcher, lid, and blades are BPAfree and dishwasher safe. - COOKBOOK: Inspiration guide with 15 recipes to get you started. - WHAT'S INCLUDED: 72 oz.** XL Pitcher with Lid, Stacked Blade Assembly, and Inspiration Guide. - *Versus BL610, based on operating wattage",,,5,3/26/2023,Yes,ana,https://walmart.com/ip/Ninja-Professional-Plus-Blender-with-Auto-iQ-and-72-oz-Total-Crushing-Pitcher-Lid-BN700/724890598,159
"Ninja® Professional Plus Blender with Auto-iQ® and 72-oz.* Total Crushing Pitcher & Lid, BN700",Home,Ninja,1650,4.7,"The Ninja® Professional Plus Blender with Auto-iQ® utilizes a 1200-watt motor to power through any tough ingredient. Ninja Total Crushing® Blades give you perfectly crushed ice for your smoothies and frozen drinks. Auto-iQ Technology provides preset programs which combine pulsing, blending, and pausing patterns that do the work for you. The 72 oz.* Total Crushing Pitcher is great for making large batches for the whole family. *64 oz. max liquid capacity\n- FAMILY-SIZED CAPACITY: The full 72 oz.** XL pitcher is perfect for large batches of delicious margaritas, daiquiris, shakes, and smoothies. - 1200-WATT MOTOR: Powerful motor crushes ice into snow in seconds for your favorite smoothies, frozen drinks, and more. - STACKED BLADE ASSEMBLY: Fully breaks down whole foods, and frozen ingredients, unlocking the full potential of your fruits and veggies. By blending whole fruits and vegetables including portions that are usually discarded. - INTELLIGENT PRESET PROGRAMS: 2 Auto-iQ programs combine unique pulsing and pausing patterns to deliver perfect results without the guessworkat the touch of a button. - CLEAN WITH EASE: Pitcher, lid, and blades are BPAfree and dishwasher safe. - COOKBOOK: Inspiration guide with 15 recipes to get you started. - WHAT'S INCLUDED: 72 oz.** XL Pitcher with Lid, Stacked Blade Assembly, and Inspiration Guide. - *Versus BL610, based on operating wattage",,,5,9/20/2023,Yes,Ketia,https://walmart.com/ip/Ninja-Professional-Plus-Blender-with-Auto-iQ-and-72-oz-Total-Crushing-Pitcher-Lid-BN700/724890598,160
"Ninja® Professional Plus Blender with Auto-iQ® and 72-oz.* Total Crushing Pitcher & Lid, BN700",Home,Ninja,1650,4.7,"The Ninja® Professional Plus Blender with Auto-iQ® utilizes a 1200-watt motor to power through any tough ingredient. Ninja Total Crushing® Blades give you perfectly crushed ice for your smoothies and frozen drinks. Auto-iQ Technology provides preset programs which combine pulsing, blending, and pausing patterns that do the work for you. The 72 oz.* Total Crushing Pitcher is great for making large batches for the whole family. *64 oz. max liquid capacity\n- FAMILY-SIZED CAPACITY: The full 72 oz.** XL pitcher is perfect for large batches of delicious margaritas, daiquiris, shakes, and smoothies. - 1200-WATT MOTOR: Powerful motor crushes ice into snow in seconds for your favorite smoothies, frozen drinks, and more. - STACKED BLADE ASSEMBLY: Fully breaks down whole foods, and frozen ingredients, unlocking the full potential of your fruits and veggies. By blending whole fruits and vegetables including portions that are usually discarded. - INTELLIGENT PRESET PROGRAMS: 2 Auto-iQ programs combine unique pulsing and pausing patterns to deliver perfect results without the guessworkat the touch of a button. - CLEAN WITH EASE: Pitcher, lid, and blades are BPAfree and dishwasher safe. - COOKBOOK: Inspiration guide with 15 recipes to get you started. - WHAT'S INCLUDED: 72 oz.** XL Pitcher with Lid, Stacked Blade Assembly, and Inspiration Guide. - *Versus BL610, based on operating wattage",,,5,5/28/2023,Yes,stephie,https://walmart.com/ip/Ninja-Professional-Plus-Blender-with-Auto-iQ-and-72-oz-Total-Crushing-Pitcher-Lid-BN700/724890598,160
"Ninja® Professional Plus Blender with Auto-iQ® and 72-oz.* Total Crushing Pitcher & Lid, BN700",Home,Ninja,1650,4.7,"The Ninja® Professional Plus Blender with Auto-iQ® utilizes a 1200-watt motor to power through any tough ingredient. Ninja Total Crushing® Blades give you perfectly crushed ice for your smoothies and frozen drinks. Auto-iQ Technology provides preset programs which combine pulsing, blending, and pausing patterns that do the work for you. The 72 oz.* Total Crushing Pitcher is great for making large batches for the whole family. *64 oz. max liquid capacity\n- FAMILY-SIZED CAPACITY: The full 72 oz.** XL pitcher is perfect for large batches of delicious margaritas, daiquiris, shakes, and smoothies. - 1200-WATT MOTOR: Powerful motor crushes ice into snow in seconds for your favorite smoothies, frozen drinks, and more. - STACKED BLADE ASSEMBLY: Fully breaks down whole foods, and frozen ingredients, unlocking the full potential of your fruits and veggies. By blending whole fruits and vegetables including portions that are usually discarded. - INTELLIGENT PRESET PROGRAMS: 2 Auto-iQ programs combine unique pulsing and pausing patterns to deliver perfect results without the guessworkat the touch of a button. - CLEAN WITH EASE: Pitcher, lid, and blades are BPAfree and dishwasher safe. - COOKBOOK: Inspiration guide with 15 recipes to get you started. - WHAT'S INCLUDED: 72 oz.** XL Pitcher with Lid, Stacked Blade Assembly, and Inspiration Guide. - *Versus BL610, based on operating wattage",,,5,1/7/2023,Yes,Gina,https://walmart.com/ip/Ninja-Professional-Plus-Blender-with-Auto-iQ-and-72-oz-Total-Crushing-Pitcher-Lid-BN700/724890598,159
"Ninja® Professional Plus Blender with Auto-iQ® and 72-oz.* Total Crushing Pitcher & Lid, BN700",Home,Ninja,1650,4.7,"The Ninja® Professional Plus Blender with Auto-iQ® utilizes a 1200-watt motor to power through any tough ingredient. Ninja Total Crushing® Blades give you perfectly crushed ice for your smoothies and frozen drinks. Auto-iQ Technology provides preset programs which combine pulsing, blending, and pausing patterns that do the work for you. The 72 oz.* Total Crushing Pitcher is great for making large batches for the whole family. *64 oz. max liquid capacity\n- FAMILY-SIZED CAPACITY: The full 72 oz.** XL pitcher is perfect for large batches of delicious margaritas, daiquiris, shakes, and smoothies. - 1200-WATT MOTOR: Powerful motor crushes ice into snow in seconds for your favorite smoothies, frozen drinks, and more. - STACKED BLADE ASSEMBLY: Fully breaks down whole foods, and frozen ingredients, unlocking the full potential of your fruits and veggies. By blending whole fruits and vegetables including portions that are usually discarded. - INTELLIGENT PRESET PROGRAMS: 2 Auto-iQ programs combine unique pulsing and pausing patterns to deliver perfect results without the guessworkat the touch of a button. - CLEAN WITH EASE: Pitcher, lid, and blades are BPAfree and dishwasher safe. - COOKBOOK: Inspiration guide with 15 recipes to get you started. - WHAT'S INCLUDED: 72 oz.** XL Pitcher with Lid, Stacked Blade Assembly, and Inspiration Guide. - *Versus BL610, based on operating wattage",,,5,3/13/2023,Yes,Manuel,https://walmart.com/ip/Ninja-Professional-Plus-Blender-with-Auto-iQ-and-72-oz-Total-Crushing-Pitcher-Lid-BN700/724890598,159
"Ninja® Professional Plus Blender with Auto-iQ® and 72-oz.* Total Crushing Pitcher & Lid, BN700",Home,Ninja,1650,4.7,"The Ninja® Professional Plus Blender with Auto-iQ® utilizes a 1200-watt motor to power through any tough ingredient. Ninja Total Crushing® Blades give you perfectly crushed ice for your smoothies and frozen drinks. Auto-iQ Technology provides preset programs which combine pulsing, blending, and pausing patterns that do the work for you. The 72 oz.* Total Crushing Pitcher is great for making large batches for the whole family. *64 oz. max liquid capacity\n- FAMILY-SIZED CAPACITY: The full 72 oz.** XL pitcher is perfect for large batches of delicious margaritas, daiquiris, shakes, and smoothies. - 1200-WATT MOTOR: Powerful motor crushes ice into snow in seconds for your favorite smoothies, frozen drinks, and more. - STACKED BLADE ASSEMBLY: Fully breaks down whole foods, and frozen ingredients, unlocking the full potential of your fruits and veggies. By blending whole fruits and vegetables including portions that are usually discarded. - INTELLIGENT PRESET PROGRAMS: 2 Auto-iQ programs combine unique pulsing and pausing patterns to deliver perfect results without the guessworkat the touch of a button. - CLEAN WITH EASE: Pitcher, lid, and blades are BPAfree and dishwasher safe. - COOKBOOK: Inspiration guide with 15 recipes to get you started. - WHAT'S INCLUDED: 72 oz.** XL Pitcher with Lid, Stacked Blade Assembly, and Inspiration Guide. - *Versus BL610, based on operating wattage",,,5,6/29/2023,Yes,Estephania,https://walmart.com/ip/Ninja-Professional-Plus-Blender-with-Auto-iQ-and-72-oz-Total-Crushing-Pitcher-Lid-BN700/724890598,159
"Ninja® Professional Plus Blender with Auto-iQ® and 72-oz.* Total Crushing Pitcher & Lid, BN700",Home,Ninja,1650,4.7,"The Ninja® Professional Plus Blender with Auto-iQ® utilizes a 1200-watt motor to power through any tough ingredient. Ninja Total Crushing® Blades give you perfectly crushed ice for your smoothies and frozen drinks. Auto-iQ Technology provides preset programs which combine pulsing, blending, and pausing patterns that do the work for you. The 72 oz.* Total Crushing Pitcher is great for making large batches for the whole family. *64 oz. max liquid capacity\n- FAMILY-SIZED CAPACITY: The full 72 oz.** XL pitcher is perfect for large batches of delicious margaritas, daiquiris, shakes, and smoothies. - 1200-WATT MOTOR: Powerful motor crushes ice into snow in seconds for your favorite smoothies, frozen drinks, and more. - STACKED BLADE ASSEMBLY: Fully breaks down whole foods, and frozen ingredients, unlocking the full potential of your fruits and veggies. By blending whole fruits and vegetables including portions that are usually discarded. - INTELLIGENT PRESET PROGRAMS: 2 Auto-iQ programs combine unique pulsing and pausing patterns to deliver perfect results without the guessworkat the touch of a button. - CLEAN WITH EASE: Pitcher, lid, and blades are BPAfree and dishwasher safe. - COOKBOOK: Inspiration guide with 15 recipes to get you started. - WHAT'S INCLUDED: 72 oz.** XL Pitcher with Lid, Stacked Blade Assembly, and Inspiration Guide. - *Versus BL610, based on operating wattage",,,5,7/13/2023,Yes,sarita,https://walmart.com/ip/Ninja-Professional-Plus-Blender-with-Auto-iQ-and-72-oz-Total-Crushing-Pitcher-Lid-BN700/724890598,159
"Ninja® Professional Plus Blender with Auto-iQ® and 72-oz.* Total Crushing Pitcher & Lid, BN700",Home,Ninja,1650,4.7,"The Ninja® Professional Plus Blender with Auto-iQ® utilizes a 1200-watt motor to power through any tough ingredient. Ninja Total Crushing® Blades give you perfectly crushed ice for your smoothies and frozen drinks. Auto-iQ Technology provides preset programs which combine pulsing, blending, and pausing patterns that do the work for you. The 72 oz.* Total Crushing Pitcher is great for making large batches for the whole family. *64 oz. max liquid capacity\n- FAMILY-SIZED CAPACITY: The full 72 oz.** XL pitcher is perfect for large batches of delicious margaritas, daiquiris, shakes, and smoothies. - 1200-WATT MOTOR: Powerful motor crushes ice into snow in seconds for your favorite smoothies, frozen drinks, and more. - STACKED BLADE ASSEMBLY: Fully breaks down whole foods, and frozen ingredients, unlocking the full potential of your fruits and veggies. By blending whole fruits and vegetables including portions that are usually discarded. - INTELLIGENT PRESET PROGRAMS: 2 Auto-iQ programs combine unique pulsing and pausing patterns to deliver perfect results without the guessworkat the touch of a button. - CLEAN WITH EASE: Pitcher, lid, and blades are BPAfree and dishwasher safe. - COOKBOOK: Inspiration guide with 15 recipes to get you started. - WHAT'S INCLUDED: 72 oz.** XL Pitcher with Lid, Stacked Blade Assembly, and Inspiration Guide. - *Versus BL610, based on operating wattage",,,5,6/5/2023,Yes,Rob,https://walmart.com/ip/Ninja-Professional-Plus-Blender-with-Auto-iQ-and-72-oz-Total-Crushing-Pitcher-Lid-BN700/724890598,159
"Ninja® Professional Plus Blender with Auto-iQ® and 72-oz.* Total Crushing Pitcher & Lid, BN700",Home,Ninja,1650,4.7,"The Ninja® Professional Plus Blender with Auto-iQ® utilizes a 1200-watt motor to power through any tough ingredient. Ninja Total Crushing® Blades give you perfectly crushed ice for your smoothies and frozen drinks. Auto-iQ Technology provides preset programs which combine pulsing, blending, and pausing patterns that do the work for you. The 72 oz.* Total Crushing Pitcher is great for making large batches for the whole family. *64 oz. max liquid capacity\n- FAMILY-SIZED CAPACITY: The full 72 oz.** XL pitcher is perfect for large batches of delicious margaritas, daiquiris, shakes, and smoothies. - 1200-WATT MOTOR: Powerful motor crushes ice into snow in seconds for your favorite smoothies, frozen drinks, and more. - STACKED BLADE ASSEMBLY: Fully breaks down whole foods, and frozen ingredients, unlocking the full potential of your fruits and veggies. By blending whole fruits and vegetables including portions that are usually discarded. - INTELLIGENT PRESET PROGRAMS: 2 Auto-iQ programs combine unique pulsing and pausing patterns to deliver perfect results without the guessworkat the touch of a button. - CLEAN WITH EASE: Pitcher, lid, and blades are BPAfree and dishwasher safe. - COOKBOOK: Inspiration guide with 15 recipes to get you started. - WHAT'S INCLUDED: 72 oz.** XL Pitcher with Lid, Stacked Blade Assembly, and Inspiration Guide. - *Versus BL610, based on operating wattage",,,5,3/24/2023,Yes,Paige,https://walmart.com/ip/Ninja-Professional-Plus-Blender-with-Auto-iQ-and-72-oz-Total-Crushing-Pitcher-Lid-BN700/724890598,159
"Ninja® Professional Plus Blender with Auto-iQ® and 72-oz.* Total Crushing Pitcher & Lid, BN700",Home,Ninja,1650,4.7,"The Ninja® Professional Plus Blender with Auto-iQ® utilizes a 1200-watt motor to power through any tough ingredient. Ninja Total Crushing® Blades give you perfectly crushed ice for your smoothies and frozen drinks. Auto-iQ Technology provides preset programs which combine pulsing, blending, and pausing patterns that do the work for you. The 72 oz.* Total Crushing Pitcher is great for making large batches for the whole family. *64 oz. max liquid capacity\n- FAMILY-SIZED CAPACITY: The full 72 oz.** XL pitcher is perfect for large batches of delicious margaritas, daiquiris, shakes, and smoothies. - 1200-WATT MOTOR: Powerful motor crushes ice into snow in seconds for your favorite smoothies, frozen drinks, and more. - STACKED BLADE ASSEMBLY: Fully breaks down whole foods, and frozen ingredients, unlocking the full potential of your fruits and veggies. By blending whole fruits and vegetables including portions that are usually discarded. - INTELLIGENT PRESET PROGRAMS: 2 Auto-iQ programs combine unique pulsing and pausing patterns to deliver perfect results without the guessworkat the touch of a button. - CLEAN WITH EASE: Pitcher, lid, and blades are BPAfree and dishwasher safe. - COOKBOOK: Inspiration guide with 15 recipes to get you started. - WHAT'S INCLUDED: 72 oz.** XL Pitcher with Lid, Stacked Blade Assembly, and Inspiration Guide. - *Versus BL610, based on operating wattage",,,5,8/27/2023,Yes,Ambz,https://walmart.com/ip/Ninja-Professional-Plus-Blender-with-Auto-iQ-and-72-oz-Total-Crushing-Pitcher-Lid-BN700/724890598,159
"Ninja® Professional Plus Blender with Auto-iQ® and 72-oz.* Total Crushing Pitcher & Lid, BN700",Home,Ninja,1650,4.7,"The Ninja® Professional Plus Blender with Auto-iQ® utilizes a 1200-watt motor to power through any tough ingredient. Ninja Total Crushing® Blades give you perfectly crushed ice for your smoothies and frozen drinks. Auto-iQ Technology provides preset programs which combine pulsing, blending, and pausing patterns that do the work for you. The 72 oz.* Total Crushing Pitcher is great for making large batches for the whole family. *64 oz. max liquid capacity\n- FAMILY-SIZED CAPACITY: The full 72 oz.** XL pitcher is perfect for large batches of delicious margaritas, daiquiris, shakes, and smoothies. - 1200-WATT MOTOR: Powerful motor crushes ice into snow in seconds for your favorite smoothies, frozen drinks, and more. - STACKED BLADE ASSEMBLY: Fully breaks down whole foods, and frozen ingredients, unlocking the full potential of your fruits and veggies. By blending whole fruits and vegetables including portions that are usually discarded. - INTELLIGENT PRESET PROGRAMS: 2 Auto-iQ programs combine unique pulsing and pausing patterns to deliver perfect results without the guessworkat the touch of a button. - CLEAN WITH EASE: Pitcher, lid, and blades are BPAfree and dishwasher safe. - COOKBOOK: Inspiration guide with 15 recipes to get you started. - WHAT'S INCLUDED: 72 oz.** XL Pitcher with Lid, Stacked Blade Assembly, and Inspiration Guide. - *Versus BL610, based on operating wattage",,,5,6/18/2023,Yes,Cindy,https://walmart.com/ip/Ninja-Professional-Plus-Blender-with-Auto-iQ-and-72-oz-Total-Crushing-Pitcher-Lid-BN700/724890598,159
"Ninja® Professional Plus Blender with Auto-iQ® and 72-oz.* Total Crushing Pitcher & Lid, BN700",Home,Ninja,1650,4.7,"The Ninja® Professional Plus Blender with Auto-iQ® utilizes a 1200-watt motor to power through any tough ingredient. Ninja Total Crushing® Blades give you perfectly crushed ice for your smoothies and frozen drinks. Auto-iQ Technology provides preset programs which combine pulsing, blending, and pausing patterns that do the work for you. The 72 oz.* Total Crushing Pitcher is great for making large batches for the whole family. *64 oz. max liquid capacity\n- FAMILY-SIZED CAPACITY: The full 72 oz.** XL pitcher is perfect for large batches of delicious margaritas, daiquiris, shakes, and smoothies. - 1200-WATT MOTOR: Powerful motor crushes ice into snow in seconds for your favorite smoothies, frozen drinks, and more. - STACKED BLADE ASSEMBLY: Fully breaks down whole foods, and frozen ingredients, unlocking the full potential of your fruits and veggies. By blending whole fruits and vegetables including portions that are usually discarded. - INTELLIGENT PRESET PROGRAMS: 2 Auto-iQ programs combine unique pulsing and pausing patterns to deliver perfect results without the guessworkat the touch of a button. - CLEAN WITH EASE: Pitcher, lid, and blades are BPAfree and dishwasher safe. - COOKBOOK: Inspiration guide with 15 recipes to get you started. - WHAT'S INCLUDED: 72 oz.** XL Pitcher with Lid, Stacked Blade Assembly, and Inspiration Guide. - *Versus BL610, based on operating wattage",,,5,8/4/2023,Yes,Thalia,https://walmart.com/ip/Ninja-Professional-Plus-Blender-with-Auto-iQ-and-72-oz-Total-Crushing-Pitcher-Lid-BN700/724890598,159
"Ninja® Professional Plus Blender with Auto-iQ® and 72-oz.* Total Crushing Pitcher & Lid, BN700",Home,Ninja,1650,4.7,"The Ninja® Professional Plus Blender with Auto-iQ® utilizes a 1200-watt motor to power through any tough ingredient. Ninja Total Crushing® Blades give you perfectly crushed ice for your smoothies and frozen drinks. Auto-iQ Technology provides preset programs which combine pulsing, blending, and pausing patterns that do the work for you. The 72 oz.* Total Crushing Pitcher is great for making large batches for the whole family. *64 oz. max liquid capacity\n- FAMILY-SIZED CAPACITY: The full 72 oz.** XL pitcher is perfect for large batches of delicious margaritas, daiquiris, shakes, and smoothies. - 1200-WATT MOTOR: Powerful motor crushes ice into snow in seconds for your favorite smoothies, frozen drinks, and more. - STACKED BLADE ASSEMBLY: Fully breaks down whole foods, and frozen ingredients, unlocking the full potential of your fruits and veggies. By blending whole fruits and vegetables including portions that are usually discarded. - INTELLIGENT PRESET PROGRAMS: 2 Auto-iQ programs combine unique pulsing and pausing patterns to deliver perfect results without the guessworkat the touch of a button. - CLEAN WITH EASE: Pitcher, lid, and blades are BPAfree and dishwasher safe. - COOKBOOK: Inspiration guide with 15 recipes to get you started. - WHAT'S INCLUDED: 72 oz.** XL Pitcher with Lid, Stacked Blade Assembly, and Inspiration Guide. - *Versus BL610, based on operating wattage",,,5,4/4/2023,Yes,destinee,https://walmart.com/ip/Ninja-Professional-Plus-Blender-with-Auto-iQ-and-72-oz-Total-Crushing-Pitcher-Lid-BN700/724890598,160
"Ninja® Professional Plus Blender with Auto-iQ® and 72-oz.* Total Crushing Pitcher & Lid, BN700",Home,Ninja,1650,4.7,"The Ninja® Professional Plus Blender with Auto-iQ® utilizes a 1200-watt motor to power through any tough ingredient. Ninja Total Crushing® Blades give you perfectly crushed ice for your smoothies and frozen drinks. Auto-iQ Technology provides preset programs which combine pulsing, blending, and pausing patterns that do the work for you. The 72 oz.* Total Crushing Pitcher is great for making large batches for the whole family. *64 oz. max liquid capacity\n- FAMILY-SIZED CAPACITY: The full 72 oz.** XL pitcher is perfect for large batches of delicious margaritas, daiquiris, shakes, and smoothies. - 1200-WATT MOTOR: Powerful motor crushes ice into snow in seconds for your favorite smoothies, frozen drinks, and more. - STACKED BLADE ASSEMBLY: Fully breaks down whole foods, and frozen ingredients, unlocking the full potential of your fruits and veggies. By blending whole fruits and vegetables including portions that are usually discarded. - INTELLIGENT PRESET PROGRAMS: 2 Auto-iQ programs combine unique pulsing and pausing patterns to deliver perfect results without the guessworkat the touch of a button. - CLEAN WITH EASE: Pitcher, lid, and blades are BPAfree and dishwasher safe. - COOKBOOK: Inspiration guide with 15 recipes to get you started. - WHAT'S INCLUDED: 72 oz.** XL Pitcher with Lid, Stacked Blade Assembly, and Inspiration Guide. - *Versus BL610, based on operating wattage",,,5,9/12/2023,Yes,Sanford,https://walmart.com/ip/Ninja-Professional-Plus-Blender-with-Auto-iQ-and-72-oz-Total-Crushing-Pitcher-Lid-BN700/724890598,160
"Ninja® Professional Plus Blender with Auto-iQ® and 72-oz.* Total Crushing Pitcher & Lid, BN700",Home,Ninja,1650,4.7,"The Ninja® Professional Plus Blender with Auto-iQ® utilizes a 1200-watt motor to power through any tough ingredient. Ninja Total Crushing® Blades give you perfectly crushed ice for your smoothies and frozen drinks. Auto-iQ Technology provides preset programs which combine pulsing, blending, and pausing patterns that do the work for you. The 72 oz.* Total Crushing Pitcher is great for making large batches for the whole family. *64 oz. max liquid capacity\n- FAMILY-SIZED CAPACITY: The full 72 oz.** XL pitcher is perfect for large batches of delicious margaritas, daiquiris, shakes, and smoothies. - 1200-WATT MOTOR: Powerful motor crushes ice into snow in seconds for your favorite smoothies, frozen drinks, and more. - STACKED BLADE ASSEMBLY: Fully breaks down whole foods, and frozen ingredients, unlocking the full potential of your fruits and veggies. By blending whole fruits and vegetables including portions that are usually discarded. - INTELLIGENT PRESET PROGRAMS: 2 Auto-iQ programs combine unique pulsing and pausing patterns to deliver perfect results without the guessworkat the touch of a button. - CLEAN WITH EASE: Pitcher, lid, and blades are BPAfree and dishwasher safe. - COOKBOOK: Inspiration guide with 15 recipes to get you started. - WHAT'S INCLUDED: 72 oz.** XL Pitcher with Lid, Stacked Blade Assembly, and Inspiration Guide. - *Versus BL610, based on operating wattage",,,5,6/3/2023,Yes,Michele,https://walmart.com/ip/Ninja-Professional-Plus-Blender-with-Auto-iQ-and-72-oz-Total-Crushing-Pitcher-Lid-BN700/724890598,160
"Ninja® Professional Plus Blender with Auto-iQ® and 72-oz.* Total Crushing Pitcher & Lid, BN700",Home,Ninja,1650,4.7,"The Ninja® Professional Plus Blender with Auto-iQ® utilizes a 1200-watt motor to power through any tough ingredient. Ninja Total Crushing® Blades give you perfectly crushed ice for your smoothies and frozen drinks. Auto-iQ Technology provides preset programs which combine pulsing, blending, and pausing patterns that do the work for you. The 72 oz.* Total Crushing Pitcher is great for making large batches for the whole family. *64 oz. max liquid capacity\n- FAMILY-SIZED CAPACITY: The full 72 oz.** XL pitcher is perfect for large batches of delicious margaritas, daiquiris, shakes, and smoothies. - 1200-WATT MOTOR: Powerful motor crushes ice into snow in seconds for your favorite smoothies, frozen drinks, and more. - STACKED BLADE ASSEMBLY: Fully breaks down whole foods, and frozen ingredients, unlocking the full potential of your fruits and veggies. By blending whole fruits and vegetables including portions that are usually discarded. - INTELLIGENT PRESET PROGRAMS: 2 Auto-iQ programs combine unique pulsing and pausing patterns to deliver perfect results without the guessworkat the touch of a button. - CLEAN WITH EASE: Pitcher, lid, and blades are BPAfree and dishwasher safe. - COOKBOOK: Inspiration guide with 15 recipes to get you started. - WHAT'S INCLUDED: 72 oz.** XL Pitcher with Lid, Stacked Blade Assembly, and Inspiration Guide. - *Versus BL610, based on operating wattage",,,5,8/14/2023,Yes,Omkar,https://walmart.com/ip/Ninja-Professional-Plus-Blender-with-Auto-iQ-and-72-oz-Total-Crushing-Pitcher-Lid-BN700/724890598,160
"Ninja® Professional Plus Blender with Auto-iQ® and 72-oz.* Total Crushing Pitcher & Lid, BN700",Home,Ninja,1650,4.7,"The Ninja® Professional Plus Blender with Auto-iQ® utilizes a 1200-watt motor to power through any tough ingredient. Ninja Total Crushing® Blades give you perfectly crushed ice for your smoothies and frozen drinks. Auto-iQ Technology provides preset programs which combine pulsing, blending, and pausing patterns that do the work for you. The 72 oz.* Total Crushing Pitcher is great for making large batches for the whole family. *64 oz. max liquid capacity\n- FAMILY-SIZED CAPACITY: The full 72 oz.** XL pitcher is perfect for large batches of delicious margaritas, daiquiris, shakes, and smoothies. - 1200-WATT MOTOR: Powerful motor crushes ice into snow in seconds for your favorite smoothies, frozen drinks, and more. - STACKED BLADE ASSEMBLY: Fully breaks down whole foods, and frozen ingredients, unlocking the full potential of your fruits and veggies. By blending whole fruits and vegetables including portions that are usually discarded. - INTELLIGENT PRESET PROGRAMS: 2 Auto-iQ programs combine unique pulsing and pausing patterns to deliver perfect results without the guessworkat the touch of a button. - CLEAN WITH EASE: Pitcher, lid, and blades are BPAfree and dishwasher safe. - COOKBOOK: Inspiration guide with 15 recipes to get you started. - WHAT'S INCLUDED: 72 oz.** XL Pitcher with Lid, Stacked Blade Assembly, and Inspiration Guide. - *Versus BL610, based on operating wattage",,,5,3/28/2023,Yes,Jamie,https://walmart.com/ip/Ninja-Professional-Plus-Blender-with-Auto-iQ-and-72-oz-Total-Crushing-Pitcher-Lid-BN700/724890598,160
"Ninja® Professional Plus Blender with Auto-iQ® and 72-oz.* Total Crushing Pitcher & Lid, BN700",Home,Ninja,1650,4.7,"The Ninja® Professional Plus Blender with Auto-iQ® utilizes a 1200-watt motor to power through any tough ingredient. Ninja Total Crushing® Blades give you perfectly crushed ice for your smoothies and frozen drinks. Auto-iQ Technology provides preset programs which combine pulsing, blending, and pausing patterns that do the work for you. The 72 oz.* Total Crushing Pitcher is great for making large batches for the whole family. *64 oz. max liquid capacity\n- FAMILY-SIZED CAPACITY: The full 72 oz.** XL pitcher is perfect for large batches of delicious margaritas, daiquiris, shakes, and smoothies. - 1200-WATT MOTOR: Powerful motor crushes ice into snow in seconds for your favorite smoothies, frozen drinks, and more. - STACKED BLADE ASSEMBLY: Fully breaks down whole foods, and frozen ingredients, unlocking the full potential of your fruits and veggies. By blending whole fruits and vegetables including portions that are usually discarded. - INTELLIGENT PRESET PROGRAMS: 2 Auto-iQ programs combine unique pulsing and pausing patterns to deliver perfect results without the guessworkat the touch of a button. - CLEAN WITH EASE: Pitcher, lid, and blades are BPAfree and dishwasher safe. - COOKBOOK: Inspiration guide with 15 recipes to get you started. - WHAT'S INCLUDED: 72 oz.** XL Pitcher with Lid, Stacked Blade Assembly, and Inspiration Guide. - *Versus BL610, based on operating wattage",,,5,4/23/2023,Yes,WalmartCustomer,https://walmart.com/ip/Ninja-Professional-Plus-Blender-with-Auto-iQ-and-72-oz-Total-Crushing-Pitcher-Lid-BN700/724890598,160
